Date,open,high,low,close,volume,ticker
10-01-2023,14.56,15.2,14.56,15.19,31109866,AAL
13-02-2023,16.25,16.6,16.21,16.51,15649916,AAL
12-01-2023,16.03,16.9,15.875,16.83,96441833,AAL
13-01-2023,16.22,17.07,16.0101,17.02,50828019,AAL
17-01-2023,16.9,17.12,16.74,17.08,32875679,AAL
18-01-2023,17.53,17.64,16.595,16.64,42352629,AAL
19-01-2023,16.412,16.49,16.01,16.28,32630227,AAL
20-01-2023,16.37,16.535,16.14,16.34,22487696,AAL
23-01-2023,16.39,16.44,16.16,16.17,23408546,AAL
24-01-2023,16.01,16.43,15.96,16.02,21641482,AAL
26-01-2023,16.54,16.74,15.73,16.61,47488940,AAL
15-02-2023,16.64,16.84,16.58,16.8,12470209,AAL
27-01-2023,16.535,16.81,16.37,16.43,26257034,AAL
31-01-2023,16.01,16.24,15.91,16.14,19866928,AAL
01-02-2023,16.04,16.72,15.92,16.69,26925305,AAL
02-02-2023,16.73,17.3199,16.72,17.06,31552207,AAL
03-02-2023,16.85,17.22,16.85,17.02,22108170,AAL
06-02-2023,16.88,17.09,16.79,16.92,19340755,AAL
07-02-2023,16.92,17.03,16.54,16.96,19053422,AAL
08-02-2023,17.26,17.44,16.8,16.97,20774171,AAL
09-02-2023,17.11,17.16,16.5949,16.66,17558748,AAL
14-02-2023,16.49,16.85,16.33,16.79,17467935,AAL
22-03-2023,14.36,14.425,13.79,13.82,21378145,AAL
16-02-2023,16.59,16.67,16.36,16.39,15054680,AAL
30-01-2023,16.29,16.6,15.9101,15.96,23585954,AAL
20-03-2023,14.02,14.21,13.865,13.96,28076249,AAL
02-03-2023,15.88,16.15,15.73,16.12,11742387,AAL
17-02-2023,16.38,16.56,16.15,16.36,21921286,AAL
21-02-2023,16.06,16.2,15.52,15.69,24449005,AAL
22-02-2023,15.64,15.82,15.415,15.56,22273807,AAL
23-02-2023,15.66,16.17,15.5,15.87,25607057,AAL
24-02-2023,15.51,15.67,15.36,15.56,20471831,AAL
27-02-2023,15.74,15.8299,15.55,15.63,15494328,AAL
28-02-2023,15.55,16.05,15.53,15.98,15597789,AAL
01-03-2023,15.93,16.05,15.75,16.03,11730531,AAL
06-03-2023,16.47,16.55,16.1,16.12,13504758,AAL
07-03-2023,16.24,16.66,16.14,16.36,17951322,AAL
09-03-2023,16.55,16.8,15.845,15.88,18504951,AAL
03-03-2023,16.37,16.55,16.14,16.36,14389524,AAL
02-06-2023,14.9,15.07,14.64,14.87,31077149,AAL
08-03-2023,16.41,16.6,16.2701,16.59,11399587,AAL
10-03-2023,15.98,16,15.11,15.46,27280184,AAL
13-03-2023,15.02,15.26,14.69,14.85,32541745,AAL
14-03-2023,15.05,15.32,14.485,14.66,35258905,AAL
15-03-2023,14.24,14.42,13.51,13.86,41843676,AAL
16-03-2023,13.7,14.23,13.625,14.12,24581418,AAL
17-03-2023,13.95,14.17,13.67,13.98,31268835,AAL
21-03-2023,14.29,14.54,14.245,14.37,17788580,AAL
10-02-2023,16.41,16.4308,16.14,16.28,14210090,AAL
27-03-2023,13.96,14.055,13.71,13.94,17126662,AAL
25-01-2023,15.97,16.48,15.9,16.26,34131047,AAL
01-05-2023,13.6,14.03,13.52,13.89,29101810,AAL
27-04-2023,12.97,13.4,12.75,12.88,48367998,AAL
28-03-2023,13.905,14.0793,13.85,13.98,11552999,AAL
29-03-2023,14.18,14.39,14.055,14.35,15906984,AAL
30-03-2023,14.56,14.7,14.46,14.47,13673518,AAL
31-03-2023,14.61,14.76,14.56,14.75,12348748,AAL
03-04-2023,14.52,14.62,14.28,14.42,14317355,AAL
04-04-2023,14.55,14.55,14.015,14.16,16124091,AAL
05-04-2023,14.06,14.1361,13.7,13.89,19213339,AAL
06-04-2023,13.95,14.18,13.87,14.01,14066992,AAL
23-03-2023,14,14.18,13.47,13.63,25033397,AAL
10-04-2023,13.98,14.17,13.91,14.15,18832270,AAL
11-04-2023,14.22,14.51,14.08,14.32,17518169,AAL
13-04-2023,13.15,13.18,12.765,12.95,47388887,AAL
14-04-2023,12.98,13.055,12.73,12.79,27538584,AAL
17-04-2023,12.855,13.17,12.8,13.1,26063276,AAL
18-04-2023,13.2,13.3,12.97,13.29,24684684,AAL
19-04-2023,13.13,13.68,13.13,13.63,31596477,AAL
20-04-2023,13.47,13.7,13.31,13.32,24240061,AAL
21-04-2023,13.31,13.4175,13.16,13.4,16548049,AAL
24-04-2023,13.42,13.56,13.05,13.32,25019811,AAL
25-04-2023,13.16,13.1699,12.81,12.84,33615567,AAL
11-01-2023,15.09,15.5,15.05,15.34,28664334,AAL
12-04-2023,13.85,13.85,12.91,13,96958824,AAL
02-05-2023,13.83,13.87,13.52,13.77,22469820,AAL
26-04-2023,12.9,13.08,12.65,12.74,33135000,AAL
11-05-2023,14.26,14.2872,14.0246,14.07,17049607,AAL
03-05-2023,13.79,14.0381,13.68,13.79,20844826,AAL
04-05-2023,13.79,13.8893,13.35,13.51,22983677,AAL
05-05-2023,13.73,13.95,13.625,13.87,20618719,AAL
08-05-2023,14.34,14.655,14.2303,14.36,34586897,AAL
09-05-2023,14.38,14.56,14.21,14.47,19682731,AAL
10-05-2023,14.67,14.7,14.05,14.34,21469097,AAL
28-04-2023,12.94,13.7,12.85,13.64,45057356,AAL
12-05-2023,14.19,14.195,13.87,14.02,16743991,AAL
15-05-2023,14.04,14.315,13.92,14.28,14994068,AAL
18-05-2023,14.91,15.075,14.8,15.05,21604459,AAL
16-05-2023,14.21,14.45,13.965,14.2,20303230,AAL
19-05-2023,15.07,15.09,14.625,14.82,17879693,AAL
22-05-2023,14.915,14.98,14.1,14.38,28517222,AAL
23-05-2023,14.35,14.635,14.07,14.07,28899362,AAL
24-05-2023,13.98,13.98,13.55,13.8,30501762,AAL
25-05-2023,13.88,14.39,13.8,14.38,29719873,AAL
26-05-2023,14.41,14.54,14.28,14.35,17083810,AAL
30-05-2023,14.44,14.75,14.42,14.62,20424630,AAL
31-05-2023,15.09,15.105,14.485,14.78,31677390,AAL
01-06-2023,14.87,14.88,14.61,14.7,21239146,AAL
17-05-2023,14.4,15.01,14.365,14.91,34905458,AAL
24-03-2023,13.5,13.74,13.36,13.72,19901133,AAL
14-04-2023,164.59,166.32,163.82,165.21,49386480,AAPL
13-04-2023,161.63,165.8,161.42,165.56,68445649,AAPL
20-04-2023,166.09,167.87,165.56,166.65,52456377,AAPL
25-04-2023,165.19,166.305,163.73,163.77,48714063,AAPL
16-02-2023,153.51,156.33,153.3475,153.71,68167942,AAPL
21-04-2023,165.05,166.4521,164.49,165.02,58337341,AAPL
26-04-2023,163.055,165.28,162.8,163.76,44105745,AAPL
19-04-2023,165.8,168.16,165.54,167.63,47720166,AAPL
18-04-2023,166.1,167.41,165.65,166.47,49923008,AAPL
24-04-2023,165,165.6,163.89,165.33,41949581,AAPL
11-04-2023,162.35,162.36,160.51,160.8,47644217,AAPL
27-04-2023,165.19,168.56,165.19,168.41,64902329,AAPL
10-04-2023,161.42,162.03,160.08,162.03,47716882,AAPL
06-04-2023,162.43,164.9584,162,164.66,45390123,AAPL
04-04-2023,166.595,166.84,165.11,165.63,46278295,AAPL
03-04-2023,164.27,166.29,164.22,166.17,56976187,AAPL
31-03-2023,162.44,165,161.91,164.9,68749792,AAPL
30-03-2023,161.53,162.47,161.271,162.36,49501689,AAPL
29-03-2023,159.37,161.05,159.35,160.77,51305691,AAPL
28-03-2023,157.97,158.49,155.98,157.65,45992152,AAPL
12-04-2023,161.22,162.06,159.78,160.1,50133062,AAPL
22-03-2023,159.3,162.14,157.81,157.83,75701811,AAPL
01-06-2023,177.7,180.12,176.9306,180.09,68901809,AAPL
01-05-2023,169.28,170.45,168.64,169.59,52472936,AAPL
12-05-2023,173.62,174.06,171,172.57,45533138,AAPL
31-05-2023,177.325,179.35,176.76,177.25,99313268,AAPL
15-05-2023,173.16,173.21,171.47,172.07,37266659,AAPL
30-05-2023,176.96,178.99,176.57,177.3,55964401,AAPL
26-05-2023,173.32,175.77,173.11,175.43,54834975,AAPL
25-05-2023,172.41,173.895,171.69,172.99,56058258,AAPL
24-05-2023,171.09,172.4183,170.52,171.84,45143488,AAPL
23-05-2023,173.13,173.3794,171.275,171.56,50747263,AAPL
22-05-2023,173.98,174.71,173.45,174.2,43570932,AAPL
19-05-2023,176.39,176.39,174.94,175.16,55809475,AAPL
18-05-2023,173,175.24,172.58,175.05,65496657,AAPL
28-04-2023,168.49,169.85,167.8801,169.68,55275851,AAPL
17-05-2023,171.71,172.925,170.4201,172.69,57951604,AAPL
24-03-2023,158.86,160.34,157.85,160.25,59256343,AAPL
11-05-2023,173.85,174.59,172.17,173.75,49514676,AAPL
10-05-2023,173.02,174.03,171.9,173.555,53724501,AAPL
09-05-2023,173.05,173.54,171.6,171.77,45326874,AAPL
08-05-2023,172.48,173.85,172.11,173.5,55962793,AAPL
05-05-2023,170.975,174.3,170.76,173.57,113453171,AAPL
04-05-2023,164.89,167.04,164.31,165.79,81235427,AAPL
03-05-2023,169.5,170.92,167.16,167.45,65136018,AAPL
02-05-2023,170.09,170.35,167.54,168.54,48425696,AAPL
16-05-2023,171.99,173.1383,171.7991,172.07,42110293,AAPL
17-04-2023,165.09,165.39,164.03,165.23,40713618,AAPL
27-03-2023,159.94,160.77,157.87,158.28,52390266,AAPL
05-04-2023,164.74,165.05,161.8,163.76,51511744,AAPL
02-03-2023,144.38,146.71,143.9,145.91,52279761,AAPL
24-01-2023,140.305,143.16,140.3,142.53,66435142,AAPL
15-02-2023,153.11,155.5,152.88,155.33,65669252,AAPL
06-02-2023,152.575,153.1,150.78,151.73,69858306,AAPL
03-02-2023,148.03,157.38,147.83,154.5,154357337,AAPL
02-02-2023,148.9,151.18,148.17,150.82,118338980,AAPL
01-02-2023,143.97,146.61,141.32,145.43,77663633,AAPL
31-01-2023,142.7,144.34,142.28,144.29,65874459,AAPL
30-01-2023,144.955,145.55,142.85,143,64015274,AAPL
27-01-2023,143.155,147.23,143.08,145.93,70555843,AAPL
26-01-2023,143.17,144.25,141.9,143.96,54105068,AAPL
21-03-2023,157.32,159.4,156.54,159.28,73938285,AAPL
25-01-2023,140.89,142.43,138.81,141.86,65799349,AAPL
23-01-2023,138.12,143.315,137.9,141.11,81760313,AAPL
12-01-2023,133.88,134.26,131.44,133.41,71379648,AAPL
20-01-2023,135.28,138.02,134.22,137.87,80223626,AAPL
13-02-2023,150.952,154.26,150.92,153.85,62199013,AAPL
10-02-2023,149.46,151.3401,149.22,151.01,57450708,AAPL
02-06-2023,181.03,181.78,179.26,180.95,61996913,AAPL
14-02-2023,152.12,153.77,150.86,153.2,61707573,AAPL
13-01-2023,132.03,134.92,131.66,134.76,57809719,AAPL
17-01-2023,134.83,137.29,134.13,135.94,63646627,AAPL
18-01-2023,136.815,138.61,135.03,135.21,69672800,AAPL
07-02-2023,150.64,155.23,150.64,154.65,83322551,AAPL
10-01-2023,130.26,131.2636,128.12,130.73,63896155,AAPL
19-01-2023,134.08,136.25,133.77,135.27,58280413,AAPL
17-03-2023,156.08,156.74,154.28,155,98944633,AAPL
16-03-2023,152.16,156.46,151.64,155.85,76254419,AAPL
15-03-2023,151.19,153.245,149.92,152.99,77167866,AAPL
14-03-2023,151.28,153.4,150.1,152.59,73695893,AAPL
13-03-2023,147.805,153.14,147.7,150.47,84457122,AAPL
10-03-2023,150.21,150.94,147.6096,148.5,68572400,AAPL
09-03-2023,153.559,154.535,150.225,150.59,53833582,AAPL
08-03-2023,152.81,153.47,151.83,152.87,47204791,AAPL
23-03-2023,158.83,161.5501,157.68,158.93,67622060,AAPL
07-03-2023,153.7,154.0299,151.13,151.6,56182028,AAPL
03-03-2023,148.045,151.11,147.33,151.03,70732297,AAPL
01-03-2023,146.83,147.2285,145.01,145.31,55478991,AAPL
09-02-2023,153.775,154.33,150.42,150.87,56007143,AAPL
28-02-2023,147.05,149.08,146.83,147.41,50546998,AAPL
27-02-2023,147.71,149.17,147.45,147.92,44998470,AAPL
24-02-2023,147.11,147.19,145.7202,146.71,55469606,AAPL
23-02-2023,150.09,150.34,147.24,149.4,48394249,AAPL
22-02-2023,148.87,149.95,147.16,148.91,51011305,AAPL
21-02-2023,150.2,151.3,148.405,148.48,58867230,AAPL
17-02-2023,152.35,153,150.85,152.55,59144118,AAPL
06-03-2023,153.785,156.3,153.46,153.83,87558028,AAPL
11-01-2023,131.25,133.51,130.46,133.49,69458949,AAPL
08-02-2023,153.88,154.58,151.168,151.92,64120079,AAPL
20-03-2023,155.07,157.82,154.15,157.4,73641415,AAPL
14-04-2023,102.07,103.2013,101.11,102.51,51450522,AMZN
17-04-2023,103.16,103.73,101.59,102.74,39791535,AMZN
18-04-2023,103.95,104.2,101.52,102.3,39790518,AMZN
19-04-2023,101.58,105.12,101.39,104.3,58398890,AMZN
15-02-2023,99.09,101.17,98.45,101.16,48053879,AMZN
21-04-2023,106.1,108.15,105.08,106.96,86774185,AMZN
24-04-2023,107.655,109.23,105.07,106.21,69575610,AMZN
13-04-2023,98.95,102.57,98.71,102.4,67925138,AMZN
20-04-2023,103.53,105.25,103.21,103.81,57696866,AMZN
12-04-2023,100.4,100.51,97.705,97.83,56735007,AMZN
04-04-2023,102.75,104.2,102.11,103.95,48662496,AMZN
25-04-2023,104.91,105.45,102.45,102.57,65026818,AMZN
06-04-2023,100.75,102.3817,99.8008,102.06,43808020,AMZN
05-04-2023,103.91,103.91,100.7506,101.1,45175393,AMZN
11-04-2023,100.8,101,99.01,99.92,60417847,AMZN
03-04-2023,102.3,103.29,101.43,102.41,41135733,AMZN
31-03-2023,102.16,103.49,101.95,103.29,56750317,AMZN
30-03-2023,101.55,103.04,101.01,102,53633398,AMZN
29-03-2023,98.69,100.4218,98.56,100.25,49783279,AMZN
28-03-2023,98.11,98.44,96.29,97.24,38720050,AMZN
01-05-2023,104.95,105.23,101.82,102.05,74728096,AMZN
23-03-2023,100.43,101.06,97.62,98.71,57559310,AMZN
10-04-2023,100.96,102.2,99.57,102.17,37261185,AMZN
26-04-2023,105.04,106.62,104.1,104.98,71821215,AMZN
03-05-2023,103.735,105.96,103.28,103.65,65051925,AMZN
24-03-2023,98.065,98.3,96.4,98.13,56144801,AMZN
15-05-2023,111.15,112.29,109.25,111.2,53011145,AMZN
31-05-2023,121.45,122.04,119.17,120.58,71769273,AMZN
30-05-2023,122.37,122.92,119.855,121.66,64314808,AMZN
26-05-2023,116.04,121.5,116.02,120.11,96779889,AMZN
25-05-2023,116.63,116.87,114.31,115,66496681,AMZN
24-05-2023,115.35,117.34,115.02,116.75,63487938,AMZN
23-05-2023,114.27,117.14,113.78,114.99,67576262,AMZN
22-05-2023,116.77,116.77,114.25,115.01,70741123,AMZN
19-05-2023,118.16,118.31,115.7,116.25,55056307,AMZN
18-05-2023,116.69,118.6,116.335,118.15,73174087,AMZN
01-06-2023,120.69,123.49,119.93,122.77,54375131,AMZN
17-05-2023,114.89,115.83,114.22,115.5,65655177,AMZN
16-05-2023,111.05,114.7899,111.05,113.4,71472908,AMZN
17-02-2023,97.8,97.94,95.65,97.2,60029405,AMZN
11-05-2023,111.03,113.28,110.49,112.18,74924841,AMZN
10-05-2023,108.1,110.67,108.05,110.19,78627616,AMZN
27-04-2023,108.16,110.86,106.8,109.82,149961167,AMZN
08-05-2023,105.04,106.095,104.7001,105.83,49430909,AMZN
05-05-2023,104.27,105.76,103.55,105.655,56951744,AMZN
04-05-2023,104.04,105.39,103.3117,104,45345523,AMZN
02-05-2023,101.47,103.9,101.15,103.63,73469350,AMZN
27-03-2023,99.07,99.34,97.08,98.04,46721296,AMZN
09-05-2023,105.48,106.79,105.1567,106.62,44089359,AMZN
12-05-2023,112.16,112.64,109.3185,110.26,49852671,AMZN
03-03-2023,92.74,94.94,92.66,94.9,55759609,AMZN
28-04-2023,107.73,109.48,104.33,105.45,130715946,AMZN
09-02-2023,101.32,101.78,97.57,98.24,64622489,AMZN
08-02-2023,102.04,102.6699,98.775,100.05,75878304,AMZN
07-02-2023,101.17,102.41,98.08,102.11,119501301,AMZN
06-02-2023,102.925,103.9484,100.65,102.18,81945199,AMZN
03-02-2023,105.26,108.78,102.52,103.39,144374828,AMZN
02-02-2023,110.245,114,108.88,112.91,158154243,AMZN
31-01-2023,101.155,103.3484,101.14,103.13,66527253,AMZN
30-01-2023,101.09,101.74,99.01,100.55,70691860,AMZN
27-01-2023,99.53,103.485,99.53,102.24,87775614,AMZN
01-02-2023,102.53,106.24,101.24,105.15,80450121,AMZN
24-01-2023,96.93,98.09,96,96.32,66929452,AMZN
17-01-2023,98.68,98.89,95.73,96.05,72755001,AMZN
23-01-2023,97.56,97.78,95.86,97.52,76501103,AMZN
22-03-2023,100.45,102.1,98.61,98.7,57475365,AMZN
12-01-2023,96.93,97.19,93.5,95.27,85254781,AMZN
13-01-2023,94.18,98.37,94.12,98.12,85549432,AMZN
10-01-2023,87.57,90.185,87.29,89.87,67756601,AMZN
18-01-2023,97.25,99.32,95.38,95.46,79570370,AMZN
19-01-2023,94.74,95.44,92.86,93.68,69002663,AMZN
20-01-2023,93.86,97.354,93.2025,97.25,67481539,AMZN
11-01-2023,90.93,95.26,90.93,95.09,103126183,AMZN
25-01-2023,92.56,97.24,91.52,97.18,94261570,AMZN
10-02-2023,97.56,98.8163,96.23,97.61,52740133,AMZN
26-01-2023,98.235,99.49,96.92,99.22,68523557,AMZN
06-03-2023,95.19,96.545,93.74,93.75,52112355,AMZN
20-03-2023,98.41,98.48,95.7,97.71,62388911,AMZN
02-06-2023,124.92,126.39,124.015,124.25,61264414,AMZN
17-03-2023,99.79,100.66,97.455,98.95,87300242,AMZN
16-03-2023,95.75,100.99,95.61,100.04,84558934,AMZN
15-03-2023,93.22,96.67,93.07,96.2,70731792,AMZN
14-03-2023,93.83,95.07,92.71,94.88,60912674,AMZN
13-03-2023,89.97,94.02,88.12,92.43,72397053,AMZN
09-03-2023,93.68,96.21,92.18,92.25,56218705,AMZN
08-03-2023,93.6,94.165,92.18,93.92,44899128,AMZN
21-03-2023,98.14,100.845,98,100.61,58597275,AMZN
07-03-2023,94.06,95.09,92.78,93.55,49100668,AMZN
10-03-2023,92.67,93.57,90.245,90.73,69827490,AMZN
16-02-2023,99.21,100.63,98.1,98.15,56339173,AMZN
02-03-2023,91.41,92.23,90.39,92.13,55574820,AMZN
01-03-2023,93.87,94.68,91.59,92.17,52299524,AMZN
28-02-2023,93.14,94.69,92.92,94.23,43959290,AMZN
27-02-2023,94.28,94.78,93.14,93.76,47470321,AMZN
24-02-2023,93.53,94.14,92.3186,93.5,57053812,AMZN
23-02-2023,96.12,96.43,93.67,95.82,48466994,AMZN
22-02-2023,95.1,97.01,94.8,95.79,59534094,AMZN
21-02-2023,95.335,95.605,94.27,94.58,56580360,AMZN
13-02-2023,97.85,99.68,96.91,99.54,52841464,AMZN
14-02-2023,98.41,100.9207,97.52,99.7,56202898,AMZN
24-01-2023,98.1,99.61,97.2,97.7,33078512,GOOGL
23-01-2023,97.95,100.04,97.5,99.79,40005055,GOOGL
20-01-2023,95.1,98.3,95.02,98.02,63191078,GOOGL
19-01-2023,90.72,93.605,90.63,93.05,37000395,GOOGL
14-02-2023,94.43,94.845,92.26,94.68,54726120,GOOGL
13-02-2023,94.74,95.2,93.84,94.61,50076120,GOOGL
01-05-2023,106.84,107.99,106.82,107.2,26681680,GOOGL
06-03-2023,94.015,95.97,94,95.13,32639313,GOOGL
25-01-2023,95.57,96.162,93.76,95.22,42329952,GOOGL
18-01-2023,92.14,92.7999,90.64,91.12,29116691,GOOGL
26-01-2023,96.5,97.57,95.38,97.52,30113974,GOOGL
22-03-2023,104.27,106.59,103.33,103.37,43427419,GOOGL
30-01-2023,97.48,98.29,96.395,96.94,27226198,GOOGL
31-01-2023,96.87,98.88,96.82,98.84,29870669,GOOGL
02-02-2023,105.8,107.85,105.61,107.74,69883762,GOOGL
03-02-2023,102.93,107.81,102.58,104.78,65309261,GOOGL
06-02-2023,102.4,104.36,101.88,102.9,31999562,GOOGL
07-02-2023,103.22,108.18,103.12,107.64,49010230,GOOGL
08-02-2023,102.05,103.14,98.035,99.37,94743515,GOOGL
09-02-2023,100,100.03,93.63,95.01,119455020,GOOGL
10-02-2023,95.45,96.75,94.25,94.57,54980696,GOOGL
01-02-2023,98.71,101.19,97.58,100.43,35531104,GOOGL
27-01-2023,97.31,100.32,97.31,99.37,33879753,GOOGL
17-01-2023,92.06,92.25,90.05,91.29,32602423,GOOGL
09-03-2023,94.05,95.53,91.9,92.32,28813532,GOOGL
13-01-2023,90.85,92.19,90.1299,92.12,26329212,GOOGL
21-02-2023,93,93.1,91.72,91.79,33629256,GOOGL
24-02-2023,89.44,89.89,88.575,89.13,36585093,GOOGL
27-02-2023,89.87,90.16,89.335,89.87,27502302,GOOGL
28-02-2023,89.33,91.23,89.32,90.06,30142039,GOOGL
01-03-2023,89.98,91.03,89.67,90.36,31111225,GOOGL
02-03-2023,89.66,92.275,89.59,92,32226229,GOOGL
03-03-2023,92.48,93.73,92.45,93.65,35160105,GOOGL
07-03-2023,94.98,95.67,93.53,93.86,27835476,GOOGL
02-06-2023,123.99,126.15,123.76,124.67,26980147,GOOGL
08-03-2023,94.12,95.955,94,94.25,34103265,GOOGL
12-01-2023,91.48,91.87,89.75,91.13,30258135,GOOGL
01-06-2023,122.815,124.42,122.62,123.72,30772683,GOOGL
10-03-2023,92.17,92.79,90.395,90.63,35941046,GOOGL
13-03-2023,90.09,92.57,89.42,91.11,37335573,GOOGL
14-03-2023,92.56,94.36,92.44,93.97,36050214,GOOGL
15-03-2023,93.22,96.93,92.64,96.11,50622050,GOOGL
16-03-2023,96.2,101.19,95.5,100.32,65567656,GOOGL
17-03-2023,100.26,102.835,100.1,101.62,61028547,GOOGL
20-03-2023,100.12,101.75,99.87,101.22,32960440,GOOGL
21-03-2023,101.25,105.1,101.22,104.92,42110279,GOOGL
16-02-2023,95.37,97.68,94.74,95.51,42462618,GOOGL
15-02-2023,94.49,97.12,94.15,96.94,50298481,GOOGL
23-03-2023,105.06,106.3,104.46,105.6,40797769,GOOGL
24-03-2023,104.99,105.49,103.84,105.44,30411043,GOOGL
02-05-2023,107.14,107.2,103.71,105.32,30997245,GOOGL
22-05-2023,122.94,126.43,122.74,125.05,35253034,GOOGL
23-02-2023,91.92,91.94,89.76,90.89,41206380,GOOGL
31-03-2023,101.3,103.89,101.04,103.73,36863369,GOOGL
03-04-2023,102.39,104.53,101.93,104.36,25035399,GOOGL
04-04-2023,104.33,105.58,104.04,104.72,24420079,GOOGL
05-04-2023,105.78,106.1,103.66,104.47,28290503,GOOGL
06-04-2023,105.26,109.17,104.33,108.42,48711480,GOOGL
10-04-2023,106.98,107.59,105.12,106.44,27067355,GOOGL
12-04-2023,106.58,106.75,104.34,104.64,24370274,GOOGL
26-04-2023,104.92,106.35,102.63,103.71,53139175,GOOGL
13-04-2023,105.84,107.49,105.84,107.43,24843579,GOOGL
14-04-2023,106.89,108.94,106.84,108.87,26578002,GOOGL
30-03-2023,100.91,101.155,99.78,100.89,33086183,GOOGL
18-04-2023,106.49,106.54,104.07,104.5,26596445,GOOGL
25-04-2023,105.825,106.69,103.84,103.85,46664104,GOOGL
10-01-2023,85.98,88.67,85.83,88.42,30467755,GOOGL
17-02-2023,94.85,95.5599,93.21,94.35,34284118,GOOGL
28-04-2023,107.04,107.35,105.09,107.34,36139847,GOOGL
29-03-2023,102.28,102.49,100.65,101.39,28779572,GOOGL
24-04-2023,105.49,106.63,104.7,105.97,23542829,GOOGL
21-04-2023,105.47,106,104.78,105.41,25800082,GOOGL
20-04-2023,103.91,106.25,103.8684,105.29,27820794,GOOGL
17-04-2023,104.658,106.16,104.52,105.97,37402371,GOOGL
28-03-2023,102.44,102.45,99.74,101.03,32057865,GOOGL
19-04-2023,103.58,104.98,103.07,104.18,20905684,GOOGL
04-05-2023,105.485,105.6,103.97,104.69,23419506,GOOGL
18-05-2023,120.95,123.31,120.83,122.83,35234233,GOOGL
05-05-2023,104.82,105.88,104.11,105.57,26639254,GOOGL
08-05-2023,105.18,107.96,105.16,107.77,26511445,GOOGL
09-05-2023,108.39,110.15,107.19,107.35,36360141,GOOGL
10-05-2023,107.97,112.94,107.93,111.75,63153367,GOOGL
11-05-2023,115.395,117.92,114.41,116.57,78900029,GOOGL
12-05-2023,116.68,118.03,116.11,117.51,41102330,GOOGL
16-05-2023,116.49,120.75,116.43,119.51,45035558,GOOGL
17-05-2023,119.61,121.67,118.89,120.84,33323588,GOOGL
19-05-2023,123.55,125.97,122.15,122.76,41353445,GOOGL
23-05-2023,124.16,124.625,122.2104,122.56,34046251,GOOGL
15-05-2023,116.11,118.48,116.01,116.51,36266765,GOOGL
24-05-2023,121.12,121.91,119.86,120.9,34182635,GOOGL
25-05-2023,124.52,125.32,121.96,123.48,42316986,GOOGL
26-05-2023,123.17,125.26,122.45,124.61,35635937,GOOGL
03-05-2023,105.53,107.49,104.96,105.41,21795405,GOOGL
30-05-2023,125.64,125.66,122,123.67,35076658,GOOGL
31-05-2023,122.75,124.0601,122.5,122.87,37244191,GOOGL
27-03-2023,104.615,104.76,101.9273,102.46,31120864,GOOGL
11-01-2023,89.18,91.6,89.01,91.52,26861969,GOOGL
11-04-2023,106.55,106.73,104.68,105.35,26311803,GOOGL
22-02-2023,91.7,92.11,90.61,91.65,30884017,GOOGL
27-04-2023,104.45,108.37,103.54,107.59,50089187,GOOGL
23-05-2023,320.03,322.72,315.25,315.26,30797173,MSFT
24-05-2023,314.73,316.5,312.61,313.85,23384887,MSFT
25-05-2023,323.24,326.9,320,325.92,43301743,MSFT
01-05-2023,306.97,308.6,305.15,305.56,21294115,MSFT
24-03-2023,277.24,280.63,275.28,280.57,28199962,MSFT
11-01-2023,231.29,235.95,231.11,235.77,28669331,MSFT
31-05-2023,332.29,335.94,327.33,328.39,45546858,MSFT
22-05-2023,318.6,322.59,318.01,321.18,24115664,MSFT
26-05-2023,324.02,333.4,323.88,332.89,36630633,MSFT
19-05-2023,316.74,318.75,316.37,318.34,27546701,MSFT
03-05-2023,306.62,308.61,304.09,304.4,22360754,MSFT
17-05-2023,312.29,314.43,310.74,314,24315012,MSFT
16-05-2023,309.83,313.71,309.83,311.74,26730347,MSFT
15-05-2023,309.095,309.905,307.59,309.46,16336547,MSFT
11-05-2023,310.1,311.12,306.2601,310.11,31680179,MSFT
10-05-2023,308.62,313,307.67,312.31,30078044,MSFT
09-05-2023,308,310.04,306.31,307,21340829,MSFT
08-05-2023,310.13,310.2,306.09,308.65,21318613,MSFT
05-05-2023,305.72,311.97,304.27,310.65,28197052,MSFT
04-05-2023,306.24,307.7626,303.4,305.41,22519907,MSFT
02-06-2023,334.247,337.5,332.55,335.4,25873769,MSFT
18-05-2023,314.53,319.04,313.72,318.52,27275991,MSFT
12-05-2023,310.55,310.65,306.6,308.97,19774696,MSFT
25-04-2023,279.51,281.6,275.37,275.42,45772236,MSFT
30-05-2023,335.23,335.74,330.52,331.21,29503070,MSFT
02-05-2023,307.76,309.18,303.91,305.41,26404431,MSFT
18-04-2023,291.57,291.755,287.01,288.37,20161845,MSFT
13-04-2023,283.59,289.9,283.17,289.84,24222678,MSFT
14-04-2023,287,288.48,283.69,286.14,20987917,MSFT
17-04-2023,289.93,291.6,286.16,288.8,23791151,MSFT
26-04-2023,296.7,299.57,292.73,295.37,64481117,MSFT
19-04-2023,285.99,289.05,284.54,288.45,17150271,MSFT
20-04-2023,285.25,289.03,285.08,286.11,23244363,MSFT
21-04-2023,285.01,286.27,283.0608,285.76,21676387,MSFT
24-04-2023,282.09,284.95,278.72,281.77,26611014,MSFT
28-04-2023,304.01,308.93,303.31,307.26,36469613,MSFT
12-04-2023,284.79,287.01,281.96,283.49,27403432,MSFT
04-04-2023,287.23,290.4499,285.67,287.18,25824299,MSFT
11-04-2023,285.75,285.98,281.64,282.83,27276589,MSFT
06-04-2023,283.21,292.08,282.03,291.6,29770334,MSFT
05-04-2023,285.85,287.15,282.92,284.34,22064770,MSFT
03-04-2023,286.52,288.27,283.95,287.23,24883342,MSFT
31-03-2023,283.73,289.27,283,288.3,32765976,MSFT
30-03-2023,284.23,284.46,281.48,284.05,25053410,MSFT
29-03-2023,278.96,281.1398,278.41,280.51,25087032,MSFT
28-03-2023,275.79,276.14,272.0451,275.23,21878647,MSFT
27-03-2023,280.5,281.4589,275.52,276.38,26840212,MSFT
10-04-2023,289.208,289.6,284.71,289.39,23102994,MSFT
27-04-2023,295.97,305.2,295.25,304.83,46462638,MSFT
01-06-2023,325.93,333.53,324.72,332.58,26773851,MSFT
24-02-2023,249.96,251,248.1,249.22,24990905,MSFT
01-03-2023,250.76,250.93,245.79,246.27,27565259,MSFT
16-03-2023,265.205,276.56,263.28,276.2,54832140,MSFT
15-03-2023,259.98,266.48,259.21,265.44,46028047,MSFT
14-03-2023,256.75,261.07,255.86,260.79,33620293,MSFT
13-03-2023,247.4,257.91,245.73,253.92,33339721,MSFT
10-03-2023,251.08,252.79,247.6,248.59,28333930,MSFT
09-03-2023,255.82,259.56,251.58,252.32,26653387,MSFT
07-03-2023,256.3,257.69,253.39,254.15,21473179,MSFT
06-03-2023,256.425,260.12,255.98,256.87,24109849,MSFT
02-03-2023,246.55,251.4,245.61,251.11,24833646,MSFT
10-01-2023,227.755,231.31,227.33,228.85,27033881,MSFT
08-03-2023,254.04,254.5417,250.81,253.7,17340217,MSFT
16-02-2023,264.02,266.74,261.9,262.15,29603616,MSFT
27-02-2023,252.46,252.82,249.39,250.16,21190042,MSFT
17-03-2023,278.26,283.33,276.3201,279.43,69527371,MSFT
17-02-2023,259.39,260.09,256,258.06,30000055,MSFT
21-03-2023,274.88,275,269.5191,273.78,34558704,MSFT
20-03-2023,276.98,277.48,269.85,272.23,43466649,MSFT
21-02-2023,254.48,255.49,251.59,252.67,28397444,MSFT
22-02-2023,254.09,254.34,250.34,251.51,22491056,MSFT
23-02-2023,255.56,256.84,250.48,254.77,29219095,MSFT
13-02-2023,267.64,274.6,267.15,271.32,44630921,MSFT
28-02-2023,249.07,251.49,248.73,249.42,22490950,MSFT
23-03-2023,277.94,281.06,275.2,277.66,36610879,MSFT
03-03-2023,252.19,255.62,251.39,255.29,30760136,MSFT
09-02-2023,273.8,273.98,262.8,263.62,42375102,MSFT
12-01-2023,235.26,239.9,233.56,238.51,27269486,MSFT
08-02-2023,273.2,276.76,266.21,266.73,54686049,MSFT
07-02-2023,260.53,268.775,260.08,267.56,50841365,MSFT
06-02-2023,257.44,258.3,254.78,256.77,22517997,MSFT
03-02-2023,259.542,264.2,257.1,258.35,29077256,MSFT
02-02-2023,258.82,264.69,257.25,264.6,39940437,MSFT
01-02-2023,248,255.18,245.47,252.75,31259912,MSFT
31-01-2023,243.45,247.95,242.945,247.81,26541072,MSFT
30-01-2023,244.51,245.6,242.2,242.71,25867365,MSFT
27-01-2023,248.99,249.83,246.83,248.16,26498939,MSFT
26-01-2023,243.65,248.31,242,248,33454491,MSFT
25-01-2023,234.48,243.3,230.9,240.61,66526641,MSFT
22-03-2023,273.4,281.04,272.18,272.29,34873330,MSFT
24-01-2023,242.5,243.95,240.44,242.04,40234444,MSFT
15-02-2023,268.32,270.73,266.18,269.32,28962163,MSFT
14-02-2023,272.67,274.97,269.28,272.17,37047924,MSFT
13-01-2023,237.002,239.37,234.92,239.23,21333265,MSFT
17-01-2023,237.97,240.91,237.09,240.35,29831257,MSFT
10-02-2023,261.53,264.09,260.662,263.1,25818489,MSFT
19-01-2023,233.78,235.52,230.68,231.93,28623033,MSFT
20-01-2023,234.855,240.74,234.51,240.22,35389809,MSFT
23-01-2023,241.1,245.165,239.65,242.58,31933951,MSFT
18-01-2023,241.565,242.38,235.52,235.81,30028692,MSFT
24-05-2023,356.93,367.151,356.625,364.85,7973316,NFLX
04-05-2023,319.01,323.61,317.95,320.78,3879657,NFLX
11-01-2023,326.5,328.88,321.35,327.26,9579681,NFLX
02-06-2023,402.89,406.58,395.9,400.47,5902381,NFLX
01-06-2023,397.41,407.52,393.08,403.13,7160145,NFLX
31-05-2023,391.89,396.26,388.91,395.23,6961382,NFLX
30-05-2023,397.48,405.11,385.79,392.98,10864990,NFLX
03-05-2023,317.55,324.62,315.85,319.3,5064057,NFLX
26-05-2023,361.1,383.76,356,378.88,9360436,NFLX
25-05-2023,359.61,367.4499,357.42,359,6263105,NFLX
23-05-2023,360.24,364.17,354.31,355.99,6866078,NFLX
16-05-2023,334,335.17,331.91,333.75,3334863,NFLX
19-05-2023,369.86,369.99,363.81,365.36,7859703,NFLX
18-05-2023,347.25,375.87,346.37,371.29,20925235,NFLX
17-05-2023,331.76,341.38,329.615,339.96,3958807,NFLX
15-05-2023,340.62,341.9,335.54,335.89,3652970,NFLX
12-05-2023,344.76,348.1664,337.3637,339.89,6082360,NFLX
11-05-2023,334.98,345.47,331.84,344.76,8033531,NFLX
10-05-2023,335.21,337.11,329.51,335.42,4289897,NFLX
09-05-2023,330.67,336.32,329.7401,332.14,5544852,NFLX
08-05-2023,322.99,332.56,322.03,331.21,5488593,NFLX
02-05-2023,325,326.07,315.62,317.55,4318612,NFLX
22-05-2023,365.36,372.01,362.5,363.01,5406420,NFLX
01-05-2023,329.435,331.23,318.09,324.12,5341484,NFLX
05-05-2023,323.61,324.15,319.4401,322.76,3990637,NFLX
29-03-2023,326.29,332.85,325.73,332.03,6287336,NFLX
10-01-2023,311.07,329.35,311.07,327.54,13072286,NFLX
13-04-2023,339.99,346.43,338.75,346.19,7406437,NFLX
28-04-2023,325.24,330.8077,324,329.93,4228374,NFLX
26-04-2023,321.36,325.9,320.47,321.15,4613351,NFLX
25-04-2023,328.5,328.655,321.1,322.55,5426642,NFLX
24-04-2023,330.2,334.66,326.75,329.02,5586627,NFLX
21-04-2023,323,328.29,319.5,327.98,6348000,NFLX
20-04-2023,320.39,331.4298,318.33,325.35,9947800,NFLX
19-04-2023,324.21,325.75,316.1,323.12,22128267,NFLX
18-04-2023,335,337.19,330.5,333.7,17944496,NFLX
28-03-2023,326.06,333.32,321.28,323.52,6489388,NFLX
17-04-2023,338,338.39,327.5,332.72,6104222,NFLX
12-04-2023,340.81,342.8,330.04,331.03,3965440,NFLX
24-03-2023,320.63,331.83,320.63,328.39,13004085,NFLX
11-04-2023,343.45,347.14,337.635,338.21,4044778,NFLX
10-04-2023,335.27,339.88,333.36,338.99,2657898,NFLX
06-04-2023,339.34,340.48,332.63,339.33,4660542,NFLX
05-04-2023,345.3,345.43,336.2526,342.35,4205545,NFLX
04-04-2023,348.49,349.8,343.95,346.75,3298072,NFLX
03-04-2023,341.83,348.58,340.4001,348.28,4413650,NFLX
31-03-2023,340.05,345.84,337.2001,345.48,5610161,NFLX
30-03-2023,340.2699,343.29,335.3,338.43,7131468,NFLX
14-04-2023,342.94,344.853,336.41,338.63,5350508,NFLX
27-03-2023,327.55,336.44,324.41,327.66,8625763,NFLX
22-03-2023,306.31,306.45,293.54,293.9,5808035,NFLX
23-03-2023,304.68,322.78,304.14,320.37,15653347,NFLX
07-03-2023,312.675,314.3,306.6226,308.47,4553082,NFLX
17-02-2023,347.905,349,342.44,347.96,5294727,NFLX
20-03-2023,299.79,307.5,296,305.13,5113430,NFLX
17-03-2023,310.06,310.76,300,303.5,6918777,NFLX
16-03-2023,304.75,316.6,301.71,310.06,7912371,NFLX
15-03-2023,292.51,306.31,292.28,303.79,9215340,NFLX
14-03-2023,295.97,297.45,290.31,294.94,5956692,NFLX
13-03-2023,287.34,299.24,285.3301,293.51,6292385,NFLX
10-03-2023,297.905,298.79,289,292.76,5759315,NFLX
09-03-2023,312.08,312.51,294.88,297.78,7443350,NFLX
16-02-2023,355,361.5,350.31,350.71,5215726,NFLX
08-03-2023,309.29,311.83,305.75,311.79,3479474,NFLX
06-03-2023,317,323.3,311.8412,312.03,5660743,NFLX
02-03-2023,310.96,315.57,310.38,311.88,4921053,NFLX
01-03-2023,321.55,326.6,312.36,313.48,4911311,NFLX
28-02-2023,323.7,327.62,321.17,322.13,3676075,NFLX
27-02-2023,323.87,330,322.121,323.03,6142580,NFLX
24-02-2023,319.3,321.5,314.52,317.15,6830692,NFLX
23-02-2023,331.23,331.28,314.3,323.65,13238673,NFLX
22-02-2023,337.5,341.91,332.82,334.88,4546249,NFLX
21-02-2023,342.85,344.1253,336.4177,337.5,5710292,NFLX
27-04-2023,324.3,327.45,317.44,325.85,5618768,NFLX
21-03-2023,306.32,307.92,300.43,305.79,4886279,NFLX
12-01-2023,332.5,332.95,323.14,330.13,10856246,NFLX
03-03-2023,315.45,317.49,310.82,315.18,5953319,NFLX
06-02-2023,363.642,368.45,360.68,361.48,4994942,NFLX
30-01-2023,358.44,360.95,352.855,353.11,5127593,NFLX
13-02-2023,349.5,359.7034,344.25,358.57,7134445,NFLX
10-02-2023,359.16,362.14,347.14,347.36,7291096,NFLX
09-02-2023,372.41,373.83,361.7444,362.5,6901100,NFLX
08-02-2023,360.02,368.193,358.31,366.83,6253179,NFLX
07-02-2023,358.51,364.1799,354.18,362.95,6289368,NFLX
14-02-2023,357.55,363.75,353.4,359.96,4624758,NFLX
03-02-2023,359.08,379.4301,359,365.9,9402034,NFLX
02-02-2023,365.16,368.32,358.43,366.89,7856952,NFLX
31-01-2023,349.98,355.95,348.71,353.86,5660738,NFLX
01-02-2023,353.86,365.385,349.91,361.99,8005170,NFLX
15-02-2023,356.63,362.88,354.24,361.42,3969945,NFLX
26-01-2023,368.77,369.02,361.7,364.87,8256844,NFLX
25-01-2023,360.57,368.8999,358.501,367.96,7766907,NFLX
24-01-2023,357.53,365.65,355.1401,363.83,11796528,NFLX
23-01-2023,341.715,362.2453,340.6329,357.42,15646853,NFLX
20-01-2023,336.79,344,332.625,342.5,28430339,NFLX
19-01-2023,322.57,324.89,313.39,315.78,18008195,NFLX
18-01-2023,326.75,330.08,321.25,326.33,7814115,NFLX
17-01-2023,331.08,332.5,323.6,326.22,9246987,NFLX
13-01-2023,329.97,336.65,328.885,332.82,8286816,NFLX
27-01-2023,363.2,365.92,360.59,360.77,6703548,NFLX
28-02-2023,210.59,211.23,203.75,205.71,153144912,TSLA
02-03-2023,186.74,193.7499,186.01,190.9,181979154,TSLA
01-03-2023,206.21,207.2,198.52,202.77,156852790,TSLA
27-02-2023,202.03,209.42,201.26,207.63,161028315,TSLA
12-01-2023,122.56,124.1311,117,123.56,169400913,TSLA
23-02-2023,203.91,205.14,196.33,202.07,146359950,TSLA
22-02-2023,197.93,201.99,191.78,200.86,191828457,TSLA
21-02-2023,204.99,209.71,197.22,197.37,180018588,TSLA
24-02-2023,196.325,197.6695,192.8,196.88,142228105,TSLA
03-03-2023,194.795,200.48,192.88,197.79,154193277,TSLA
21-03-2023,188.28,198,188.04,197.58,153391444,TSLA
07-03-2023,191.38,194.2,186.1,187.71,148125790,TSLA
08-03-2023,185.04,186.5,180,182,151897763,TSLA
09-03-2023,180.25,185.18,172.5124,172.92,170023794,TSLA
10-03-2023,175.13,178.29,168.44,173.44,191488872,TSLA
13-03-2023,167.455,177.35,163.91,174.48,167790256,TSLA
14-03-2023,177.31,183.8,177.1401,183.26,143717897,TSLA
15-03-2023,180.8,182.34,176.03,180.45,145995583,TSLA
16-03-2023,180.365,185.81,178.84,184.13,121374453,TSLA
17-03-2023,184.515,186.2199,177.33,180.13,133197140,TSLA
20-03-2023,178.08,186.44,176.35,183.25,129684359,TSLA
06-03-2023,198.54,198.6,192.3,193.81,128100106,TSLA
17-02-2023,199.985,208.44,197.5,208.31,213738549,TSLA
01-02-2023,173.89,183.805,169.93,181.41,213806323,TSLA
15-02-2023,211.755,214.66,206.11,214.24,182108581,TSLA
22-03-2023,199.3,200.66,190.95,191.15,150376373,TSLA
13-01-2023,116.55,122.63,115.6,122.4,180714119,TSLA
17-01-2023,125.695,131.7,125.02,131.49,186476985,TSLA
18-01-2023,136.555,136.68,127.01,128.78,195680318,TSLA
19-01-2023,127.26,129.99,124.3082,127.17,170291880,TSLA
20-01-2023,128.68,133.51,127.3466,133.42,138858136,TSLA
23-01-2023,135.87,145.3793,134.27,143.75,203119211,TSLA
24-01-2023,143,146.5,141.1,143.89,158699056,TSLA
25-01-2023,141.905,146.41,138.07,144.43,192734347,TSLA
26-01-2023,159.965,161.42,154.76,160.27,234815090,TSLA
16-02-2023,210.78,217.65,201.84,202.04,229586538,TSLA
27-01-2023,162.43,180.68,161.17,177.9,306590613,TSLA
31-01-2023,164.57,174.3,162.78,173.22,196813541,TSLA
02-02-2023,187.325,196.7501,182.61,188.27,217448287,TSLA
03-02-2023,183.95,199,183.69,189.98,232662023,TSLA
06-02-2023,193.01,198.17,189.92,194.76,186188131,TSLA
07-02-2023,196.43,197.5,189.55,196.81,186010325,TSLA
08-02-2023,196.1,203,194.31,201.29,180673644,TSLA
09-02-2023,207.775,214,204.77,207.32,215431442,TSLA
10-02-2023,202.225,206.2,192.89,196.89,204754129,TSLA
13-02-2023,194.415,196.3,187.61,194.64,172475452,TSLA
14-02-2023,191.94,209.82,189.44,209.25,216455708,TSLA
30-01-2023,178.05,179.77,166.5,166.66,230878807,TSLA
23-03-2023,195.26,199.31,188.65,192.22,144193876,TSLA
27-04-2023,152.64,160.48,152.37,160.19,127015177,TSLA
27-03-2023,194.415,197.39,189.94,191.81,120851587,TSLA
05-05-2023,163.97,170.7899,163.51,170.06,107607259,TSLA
08-05-2023,173.72,173.8,169.19,171.79,112249449,TSLA
09-05-2023,168.95,169.82,166.56,169.15,88965043,TSLA
10-05-2023,172.55,174.43,166.68,168.54,119840693,TSLA
11-05-2023,168.7,173.57,166.79,172.08,103889930,TSLA
12-05-2023,176.07,177.38,167.23,167.98,157849625,TSLA
15-05-2023,167.655,169.76,164.5499,166.35,105592510,TSLA
16-05-2023,165.65,169.5184,164.35,166.52,98288792,TSLA
17-05-2023,168.41,174.5,167.185,173.86,125473558,TSLA
18-05-2023,174.22,177.06,172.45,176.89,109520332,TSLA
19-05-2023,177.17,181.95,176.31,180.14,136196668,TSLA
22-05-2023,180.7,189.32,180.11,188.87,132001430,TSLA
23-05-2023,186.2,192.96,185.26,185.77,156952130,TSLA
24-05-2023,182.23,184.22,178.22,182.9,137605054,TSLA
25-05-2023,186.54,186.78,180.58,184.47,96870719,TSLA
26-05-2023,184.62,198.6,184.53,193.17,162061496,TSLA
30-05-2023,200.1,204.48,197.53,201.16,128818746,TSLA
31-05-2023,199.78,203.95,195.12,203.93,149356274,TSLA
01-06-2023,202.59,209.8,199.37,207.52,148029931,TSLA
02-06-2023,210.15,217.25,209.752,213.97,164398372,TSLA
11-01-2023,122.09,125.95,120.51,123.22,183810771,TSLA
04-05-2023,162.71,162.95,159.65,161.2,95108492,TSLA
03-05-2023,160.01,165,159.91,160.61,119727972,TSLA
02-05-2023,161.88,165.49,158.93,160.31,128259744,TSLA
01-05-2023,163.17,163.28,158.83,161.83,109015048,TSLA
28-03-2023,192,192.35,185.43,189.19,98654635,TSLA
29-03-2023,193.13,195.29,189.44,193.88,123660026,TSLA
30-03-2023,195.58,197.33,194.42,195.28,110252238,TSLA
31-03-2023,197.53,207.79,197.2,207.46,170222118,TSLA
03-04-2023,199.91,202.6897,192.2,194.77,169545900,TSLA
04-04-2023,197.32,198.7446,190.32,192.58,126463845,TSLA
05-04-2023,190.515,190.68,183.76,185.52,133882493,TSLA
06-04-2023,183.08,186.39,179.74,185.06,123857932,TSLA
10-04-2023,179.94,185.1,176.11,184.51,142154637,TSLA
11-04-2023,186.69,189.19,185.6475,186.79,115770892,TSLA
24-03-2023,191.65,192.36,187.15,190.41,116531584,TSLA
12-04-2023,190.74,191.5846,180.31,180.54,150256278,TSLA
14-04-2023,183.95,186.28,182.01,185,96438664,TSLA
17-04-2023,186.32,189.69,182.69,187.04,116177121,TSLA
18-04-2023,187.15,187.69,183.5775,184.31,92067016,TSLA
19-04-2023,179.1,183.5,177.65,180.59,125732687,TSLA
20-04-2023,166.165,169.7,160.56,162.99,210970819,TSLA
21-04-2023,164.8,166,161.3208,165.08,123538954,TSLA
24-04-2023,164.65,165.65,158.61,162.55,140006559,TSLA
25-04-2023,159.82,163.47,158.75,160.67,121999312,TSLA
26-04-2023,160.29,160.67,153.14,153.75,152247096,TSLA
28-04-2023,160.9,165,157.32,164.31,122515812,TSLA
13-04-2023,182.955,186.5,180.94,185.9,112932985,TSLA
10-01-2023,121.07,122.76,114.92,118.85,167642485,TSLA
